{
    "whisper_large": {
        "dustin_lang": {
            "load_time": "0:00:32.098377",
            "transcribe_time": "0:22:00.447604",
            "test_results": {
                "word_error_rate": 0.23217391304347826,
                "match_error_rate": 0.21123417721518986,
                "word_information_lost": 0.31345857650999753,
                "word_information_preserved": 0.6865414234900025,
                "character_error_rate": 0.049399003224860745
            }
        },
        "erik_schnetter": {
            "load_time": "0:00:32.098377",
            "transcribe_time": "0:30:37.980522",
            "test_results": {
                "word_error_rate": 0.2181958365458751,
                "match_error_rate": 0.20185449358059915,
                "word_information_lost": 0.30694279858373263,
                "word_information_preserved": 0.6930572014162674,
                "character_error_rate": 0.048599348534201954
            }
        },
        "hayward_hunter_hardy": {
            "load_time": "0:00:32.098377",
            "transcribe_time": "0:31:01.430088",
            "test_results": {
                "word_error_rate": 0.5268261150614092,
                "match_error_rate": 0.43699731903485256,
                "word_information_lost": 0.6069113716172541,
                "word_information_preserved": 0.393088628382746,
                "character_error_rate": 0.10220843219565615
            }
        },
        "lucien_hardy": {
            "load_time": "0:00:32.098377",
            "transcribe_time": "0:22:30.793892",
            "test_results": {
                "word_error_rate": 0.22958693563880883,
                "match_error_rate": 0.21169176262178918,
                "word_information_lost": 0.3206223411554824,
                "word_information_preserved": 0.6793776588445176,
                "character_error_rate": 0.06835487869665309
            }
        },
        "maite_dupuis": {
            "load_time": "0:00:32.098377",
            "transcribe_time": "0:22:25.770977",
            "test_results": {
                "word_error_rate": 0.22022684310018903,
                "match_error_rate": 0.2047451669595782,
                "word_information_lost": 0.3143262100224198,
                "word_information_preserved": 0.6856737899775802,
                "character_error_rate": 0.06345885634588563
            }
        },
        "sabrina_pasterski": {
            "load_time": "0:00:32.098377",
            "transcribe_time": "0:28:30.033170",
            "test_results": {
                "word_error_rate": 0.31362007168458783,
                "match_error_rate": 0.2751572327044025,
                "word_information_lost": 0.39895527537855013,
                "word_information_preserved": 0.6010447246214499,
                "character_error_rate": 0.05447508466376391
            }
        }
    }
}